[
    {
      "orders": {
        "name": "Order 1",
        "description": "Description 1",
        "date": "2023-02-01",
        "status": "Pending"
      }
    },
    {
      "orders": {
        "name": "Order 2",
        "description": "Description 2",
        "date": "2023-02-02",
        "status": "Shipped"
      }
    },
    {
      "orders": {
        "name": "Order 3",
        "description": "Description 3",
        "date": "2023-02-03",
        "status": "Delivered"
      }
    }
  ]