<?xml version="1.0" encoding="UTF-8"?>
<library>
    <book id="1" availability="true">
        <title>The Great Gatsby</title>
        <author>F. Scott Fitzgerald</author>
        <genre>Drama</genre>
        <year>1925</year>
    </book>
    <book id="2" availability="false">
        <title>To Kill a Mockingbird</title>
        <author>Harper Lee</author>
        <genre>Novel</genre>
        <year>1960</year>
    </book>
</library>

<!--The purpose of the availability attribute is to provide information about whether the book is available for borrowing or not.
 This attribute will help users quickly determine if a book is available or not.-->
