<?xml version="1.0" encoding="UTF-8"?>
<beans xmlns="http://www.springframework.org/schema/beans"
       xmlns:xsi="http://www.w3.org/2001/XMLSchema-instance"
       xsi:schemaLocation="http://www.springframework.org/schema/beans
           http://www.springframework.org/schema/beans/spring-beans.xsd">

    <bean id="employee" class="com.example.model.Employees">
        <property name="name" value="John Doe" />
        <property name="id" value="123" />
        <property name="addresses">
            <list>
                <bean class="com.example.model.Addresses">
                    <property name="street" value="123 Main St" />
                    <property name="city" value="Springfield" />
                    <property name="zipCode" value="12345" />
                </bean>
                <bean class="com.example.model.Addresses">
                    <property name="street" value="456 Elm St" />
                    <property name="city" value="Shelbyville" />
                    <property name="zipCode" value="67890" />
                </bean>
            </list>
        </property>
    </bean>
    <!-- Bean definition for InterestCalculator -->
    <bean id="interestCalculatorBean" class="com.example.model.SimpleInterestCalculator">
        <property name="principal" value="1000.0"/>
        <property name="rate" value="5.0"/>
        <property name="time" value="2.0"/>
    </bean>

</beans>
